frame,type,left,reference,left_label,reference_label,iou
adasind_236370.jpg,mismatching_attributes,8,3,Bike,Bike,0.813
adasind_236370.jpg,extra_annotation,2,,Pedestrian,,N/A
adasind_258420.jpg,mismatching_label,11,8,Car,ThreeWheeler,0.981
adasind_258420.jpg,mismatching_label,8,4,Truck,ThreeWheeler,0.918
adasind_258420.jpg,mismatching_attributes,2,6,Pedestrian,Pedestrian,0.885
adasind_258420.jpg,mismatching_label,4,1,Truck,ThreeWheeler,0.857
adasind_258420.jpg,mismatching_label,5,3,Pedestrian,Bike,0.522
adasind_258420.jpg,extra_annotation,3,,Bike,,N/A
adasind_258420.jpg,extra_annotation,6,,Car,,N/A
adasind_258420.jpg,extra_annotation,7,,Pedestrian,,N/A
adasind_258420.jpg,extra_annotation,10,,Pedestrian,,N/A
adasind_258420.jpg,missing_annotation,,5,,Car,N/A
adasind_310008.jpg,mismatching_label,6,1,Truck,ThreeWheeler,0.922
adasind_310008.jpg,mismatching_attributes,1,3,Pedestrian,Pedestrian,0.875
adasind_310008.jpg,mismatching_attributes,3,2,Pedestrian,Pedestrian,0.765
adasind_310008.jpg,extra_annotation,7,,Bus,,N/A
